{
    "evaluation_frequency": {
        "frequency": 1,
        "period": "epoch"
    },
    "test": {
        "Survived": {
            "accuracy": [
                0.8370786309242249,
                0.8089887499809265,
                0.7808988690376282,
                0.6460674405097961,
                0.7640449404716492,
                0.7977527976036072,
                0.7752808928489685,
                0.8033707737922668,
                0.8033707737922668
            ],
            "loss": [
                0.412934273481369,
                0.606356143951416,
                0.9340333342552185,
                2.35638689994812,
                1.6213257312774658,
                1.6721868515014648,
                1.6557960510253906,
                1.6814590692520142,
                1.695410132408142
            ],
            "precision": [
                0.7727272510528564,
                0.7719298005104065,
                0.6547619104385376,
                0.508474588394165,
                0.7169811129570007,
                0.698630154132843,
                0.692307710647583,
                0.7142857313156128,
                0.7142857313156128
            ],
            "recall": [
                0.7846153974533081,
                0.6769230961799622,
                0.8461538553237915,
                0.9230769276618958,
                0.5846154093742371,
                0.7846153974533081,
                0.692307710647583,
                0.7692307829856873,
                0.7692307829856873
            ],
            "roc_auc": [
                0.8878147602081299,
                0.8815520405769348,
                0.8567052483558655,
                0.8349217176437378,
                0.8508508801460266,
                0.847174882888794,
                0.8508509397506714,
                0.8484684228897095,
                0.8479918241500854
            ],
            "specificity": [
                0.8672566413879395,
                0.8849557638168335,
                0.7433628439903259,
                0.48672565817832947,
                0.8672566413879395,
                0.8053097128868103,
                0.8230088353157043,
                0.8230088353157043,
                0.8230088353157043
            ]
        },
        "combined": {
            "loss": [
                0.412934273481369,
                0.606356143951416,
                0.9340333342552185,
                2.35638689994812,
                1.6213257312774658,
                1.6721868515014648,
                1.6557960510253906,
                1.6814590692520142,
                1.695410132408142
            ]
        }
    },
    "training": {
        "Survived": {
            "accuracy": [
                0.692307710647583,
                0.8782051205635071,
                0.9759615659713745,
                0.9903846383094788,
                0.995192289352417,
                1.0,
                1.0,
                1.0,
                1.0
            ],
            "loss": [
                0.6465518474578857,
                0.3202945291996002,
                0.1008044108748436,
                0.024080870673060417,
                0.012502657249569893,
                0.0007296133553609252,
                3.567170642782003e-05,
                3.5839370866597164e-06,
                2.7034229788114317e-06
            ],
            "precision": [
                0.6023622155189514,
                0.8620689511299133,
                0.9711934328079224,
                0.9837398529052734,
                0.9918367266654968,
                1.0,
                1.0,
                1.0,
                1.0
            ],
            "recall": [
                0.6270492076873779,
                0.8196721076965332,
                0.9672130942344666,
                0.9918032884597778,
                0.9959016442298889,
                1.0,
                1.0,
                1.0,
                1.0
            ],
            "roc_auc": [
                0.7442622780799866,
                0.9366371631622314,
                0.9928171634674072,
                0.9997411966323853,
                0.9999245405197144,
                1.0,
                1.0,
                0.9999999403953552,
                1.0
            ],
            "specificity": [
                0.7342105507850647,
                0.9157894849777222,
                0.9815789461135864,
                0.9894737005233765,
                0.9947368502616882,
                1.0,
                1.0,
                1.0,
                1.0
            ]
        },
        "combined": {
            "loss": [
                0.6465518474578857,
                0.3202945291996002,
                0.1008044108748436,
                0.024080870673060417,
                0.012502657249569893,
                0.0007296133553609252,
                3.567170642782003e-05,
                3.5839370866597164e-06,
                2.7034229788114317e-06
            ]
        }
    },
    "validation": {
        "Survived": {
            "accuracy": [
                0.7752808928489685,
                0.7640449404716492,
                0.7191011309623718,
                0.584269642829895,
                0.6966292262077332,
                0.7191011309623718,
                0.7191011309623718,
                0.7191011309623718,
                0.7191011309623718
            ],
            "loss": [
                0.4723646342754364,
                0.852996826171875,
                1.2338299751281738,
                2.9481170177459717,
                1.8215147256851196,
                2.0793845653533936,
                2.091919422149658,
                2.1423704624176025,
                2.1575121879577637
            ],
            "precision": [
                0.6857143044471741,
                0.7142857313156128,
                0.5869565010070801,
                0.469696968793869,
                0.6000000238418579,
                0.6000000238418579,
                0.6052631735801697,
                0.6052631735801697,
                0.6052631735801697
            ],
            "recall": [
                0.7272727489471436,
                0.6060606241226196,
                0.8181818127632141,
                0.939393937587738,
                0.5454545617103577,
                0.7272727489471436,
                0.6969696879386902,
                0.6969696879386902,
                0.6969696879386902
            ],
            "roc_auc": [
                0.801948070526123,
                0.7970778942108154,
                0.7770562767982483,
                0.8046537041664124,
                0.7824675440788269,
                0.7754328846931458,
                0.7711038589477539,
                0.7721861600875854,
                0.7711038589477539
            ],
            "specificity": [
                0.8035714030265808,
                0.8571428656578064,
                0.6607142686843872,
                0.375,
                0.7857142686843872,
                0.7142857313156128,
                0.7321428656578064,
                0.7321428656578064,
                0.7321428656578064
            ]
        },
        "combined": {
            "loss": [
                0.4723646342754364,
                0.852996826171875,
                1.2338299751281738,
                2.9481170177459717,
                1.8215147256851196,
                2.0793845653533936,
                2.091919422149658,
                2.1423704624176025,
                2.1575121879577637
            ]
        }
    }
}